review_id,source,rating,title,text,created_at,gold_is_foodhub,gold_persona,gold_overall_sentiment,gold_aspects
google_play:7adc6fc8-95ef-4975-b1e9-be156d86f662,google_play,5,,good app not excessive delivery and service fees like other apps,2026-08-04 23:46:58,,,,
google_play:2b5f645e-b20d-4b59-aa54-c1ff14b65c51,google_play,1,,can't fetch my location,2026-05-21 18:54:09,,,,
google_play:127abd85-b320-4e15-8ecb-ff5d298e4d9c,google_play,5,,Always my go to app in times of emergencies.,2025-11-01 16:49:09,,,,
google_play:9717d06b-b048-4385-bf51-500697cd7828,google_play,5,,good,2026-03-22 00:48:27,,,,
google_play:93d2bd0e-8076-44c2-95c0-4071ea9cc62e,google_play,5,,Good,2026-06-21 01:27:15,,,,
google_play:a24c3535-9773-435c-af12-0897556ff84a,google_play,5,,food delivered before time thanks,2026-01-19 02:00:26,,,,
google_play:a6669163-ffe8-4791-bbb1-f809301ff37b,google_play,3,,It would help if you knew when your food was on its way,2025-10-06 22:48:41,,,,
google_play:908b5c57-da3f-4d67-9d94-1f984c41a5d3,google_play,1,,Foodhub allows restaurants to use multiple different profiles for the same restaurant. This is fraud and unfair on honest businesses who chose to do business with this untrustworthy company.,2026-06-30 17:33:37,,,,
google_play:9a438255-8938-406b-b8f0-6fd76b6eda9e,google_play,1,,the food was all over the bag and it was cold and the was stuff missing out of the order and waited 1 hour for the food,2026-02-21 03:29:19,,,,
google_play:4cbf9e25-ab70-468d-9f8e-54f84c594731,google_play,2,,been using this for years but now they don't accept cash and the delivery fee is much more than just eat so we've swapped.,2025-11-09 23:04:07,,,,
google_play:5b58846c-a06e-4964-a355-ead1d06198ef,google_play,3,,feedback camera operation not working today,2025-12-06 01:23:34,,,,
google_play:460f254b-5a49-452d-af59-a41a3d890627,google_play,1,,My order was never picked up and never delivered even though my money has neen taken. My money has not yet been [ORDER_ID] also,2026-05-07 21:51:15,,,,
google_play:582ccbac-8928-45a9-b5f3-182fd574dfdd,google_play,1,,no tracking cook time to delivery nearly 2 hours no point ordering anymore tbh lost the will to live also when I have contacted the help desk they promise a voucher you never ever get I will stick to collect myself in future and it's cheaper,2026-04-13 01:31:25,,,,
google_play:1b13940d-1758-4001-99ed-305df666f77f,google_play,3,,easy,2025-10-29 21:17:32,,,,
google_play:c1057887-7dac-4435-89f8-09e211638be0,google_play,5,,fast delivery great app,2026-01-04 03:22:09,,,,
google_play:5c3bfe4d-e569-4afc-83e1-c44ff5aa051e,google_play,5,,Great,2025-12-12 03:17:00,,,,
google_play:b3fbdad0-8324-46ad-a1ce-edd19eb2465c,google_play,5,,customer friendly app. easy to use and order,2026-02-20 22:11:38,,,,
google_play:1b50b39a-354b-4f5c-9037-3f009999a5a9,google_play,5,,better than the other food app,2026-04-18 22:21:44,,,,
google_play:18c7dc07-be59-4372-b3d9-4ec180607e3c,google_play,3,,"Great, but the only problem is that you can't track or communicate with the driver like you can with competitors 😓 Otherwise, I'd definitely exclusively use this instead!",2025-11-22 03:36:30,,,,
google_play:c832ff04-74c3-4dce-a479-f2dda86e7043,google_play,3,,"The app is good in terms of how smoothly it operates. It would be much better if it had more accuracy and better updates regarding delivery. ADDED - I still think this app needs better accuracy with the updates. I get privacy and security, but at least add a ""delivering"" in between ""cooking"" and ""delivered"" for all.",2025-10-02 03:37:12,,,,
google_play:2536d01a-ccf6-46eb-b3e8-bb50f31cacb2,google_play,5,,easy to use no issues,2026-03-07 21:21:56,,,,
google_play:12b2f40d-95bc-4d9d-862c-7338227d87e1,google_play,3,,Would approve from Benefit!,2026-03-19 21:06:23,,,,
google_play:cb6d4aca-ecef-4c5f-8785-bb17b954957c,google_play,1,,order food really not happy with the delivery side been watching the driver on the app from 8.45 till 9.17 and still no food 😕 phone the shop as the driver been here and every where no sign of him on my street when app told me at 8.45 food on way ...,2025-12-14 02:49:39,,,,
google_play:ed9422b2-b744-4293-8a3b-e4d9f9e4c2ee,google_play,2,,"the app is useless tracking on it is terrible, and the help functions are terrible",2026-03-22 02:44:28,,,,
google_play:ecb18ce3-50bc-4480-9d1d-c24da2135f48,google_play,1,,really slow times for grill house Johnston 2 hrs wait,2026-01-31 02:10:09,,,,
google_play:43a9b06c-0b0a-427f-a01f-7d894e7f60b4,google_play,5,,easy to use loads of good restaurants,2026-08-30 00:54:50,,,,
google_play:67219522-9891-40ed-8ecb-bde8c4ce9987,google_play,5,,good,2025-10-05 01:06:20,,,,
google_play:b5a3259f-b348-4f88-9f86-40ce4dd4bcd3,google_play,1,,blocked 🚫 my account because a did a charge back on my card for a restaurant that was closed but foodhub took the payment and marked as delivered scammers Avoid at all costs. it wasn't UK pizza a ordered from it was fire and feast which you took payment for but the takeaway was shut so yes a did a charge back to get my money back a will just use another food platform and Avoid foodhub scammers,2026-05-13 20:14:33,,,,
google_play:fb376b8a-dfeb-4e35-8ae9-84d5ae40ffd3,google_play,5,,Really Nice. Thankyou,2026-02-11 04:56:42,,,,
google_play:b033be5e-1922-46fe-9edd-96724cb91171,google_play,1,,why isn't there a cash option like just eat have,2026-09-20 00:56:42,,,,
google_play:e30cf558-6a22-4945-b9af-6f9d539b780d,google_play,2,,[ORDER_ID] take too long an hour and half when it's a 10mins away,2025-10-12 00:24:44,,,,
google_play:ddd25598-9dd4-4092-b9f2-556b93f444b2,google_play,1,,annoying and spend time going around in circles. food delayed over 2 hours with 0 communication and your only repsonse is call takeaway or if they agree refund you can get one.,2026-01-10 01:38:48,,,,
google_play:f101b20a-643a-42ca-92f6-78bd3689707b,google_play,5,,easy to navigate and order,2025-10-03 23:49:51,,,,
google_play:0c382888-2854-4cdc-9404-eeaa5321876d,google_play,1,,"another app that makes no sense. I want to see a list of restaurants near me that are open, not search a category and see if a restaurant exists. even if I search ""Pizza"" it returns no results. horrible experience. never heard of ""foodhub"" before, it seems this is why",2025-10-28 04:13:59,,,,
google_play:8fee6394-0d88-46c0-9649-06ea5996d9aa,google_play,1,,ordered from top of the brea cumnock cold old burnt chips with fish supper ordered sausage supper didnt send chips cheese burger had batter on when it states only hamburger is battered waited 30mins for chips and new burger burger was pink in the middle chips were double fried and old wont let me leave review on there own app never [ORDER_ID] from this substandard so called fish n chip shop!!!!,2025-12-03 01:57:48,,,,
google_play:766dd3fa-6eb7-416e-b60f-2db3239d423a,google_play,2,,it was mediocre,2025-11-14 03:36:19,,,,
google_play:a6724b21-ff3a-4ce0-95e8-bf9c4acc8e2a,google_play,5,,cant complain 😌,2026-08-20 21:35:20,,,,
google_play:2757a036-261d-48f9-b091-8f515616fa7f,google_play,5,,"Absolutely stunning. As late as we ordered, you still delivered out in the sticks.... and put extra in our meals. 11 out of 10",2026-01-24 04:32:39,,,,
google_play:83066fbe-9520-4f04-aeeb-284208761429,google_play,5,,amazing good,2025-11-21 03:51:40,,,,
google_play:3048d9ef-81ca-49cb-bed1-a7fb6f19c512,google_play,3,,last order not delivered. Have to wait 5 days for a refund???!,2026-06-19 22:01:10,,,,
google_play:57609068-fd3c-4dbe-9022-63354c4e4cb6,google_play,2,,slow 🐌,2026-01-04 21:44:22,,,,
google_play:5911cfb6-5c36-451a-8681-70e62d54bef3,google_play,1,,poor was over 30 mins late for delivery today,2026-03-01 02:40:30,,,,
google_play:4c91cc95-e332-4df7-9e85-2a5980093661,google_play,4,,easy to order and lots of choices,2026-06-18 23:15:33,,,,
google_play:25c1aa43-3835-4b5f-ae4d-c06208876d73,google_play,5,,"absolutely 💯 percent perfect 👌, thank you",2025-11-16 02:28:14,,,,
google_play:077d45ba-2780-4305-954d-ae93fb0044db,google_play,1,,"absolute shite. don't bother, wait around all night for an order that will never arrive.",2026-04-03 02:47:46,,,,
google_play:e5ce7627-5c0e-4b58-bbca-8a309fe05ce3,google_play,5,,very good choice of food,2025-12-09 00:08:09,,,,
google_play:c565c1c5-f30a-406c-b492-f542ff6b5d93,google_play,5,,Fast and very efficient,2026-04-10 21:51:11,,,,
google_play:1e72ffe6-c81c-467e-9a1b-325826902fde,google_play,1,,I had items missing from my order I would not recommend this app,2026-03-14 18:36:13,,,,
google_play:29dc64f0-3f1b-4b47-8f1e-a2964fc3b693,google_play,1,,total bull waiting still for food,2026-02-15 23:16:24,,,,
google_play:1c611965-6c92-4485-a329-acfe4c49f035,google_play,5,,Great app,2026-02-14 01:32:20,,,,
google_play:1d4044fb-cfb9-4337-894b-312de06a559b,google_play,5,,easy to order as usual,2026-09-11 00:08:26,,,,
app_store:14569444038,app_store,5,Better than just eat easy,So easy to use! No rip off fees like just eat! Foodhub is king.,2026-09-20 00:30:49,,,,
google_play:d46a4504-8678-4622-bd06-0184f82f87d3,google_play,5,,it's amazing,2025-10-15 02:40:16,,,,
google_play:728078df-ca43-4fb2-9fc4-e64c1912de8d,google_play,5,,it was quick and easy,2025-10-31 21:50:22,,,,
google_play:4792ebef-fc6e-4f86-97fa-3a3969837e14,google_play,1,,some how l have ordered things l didn't order. l have been ordering from here for years. only me but two things ordered things l never [ORDER_ID] again sorry and l loved you,2026-02-23 01:48:33,,,,
google_play:1fa61e4d-8b50-44ae-980e-3c4827dd74f5,google_play,1,,"Rubbish delivery, no communication",2026-02-27 23:41:33,,,,
google_play:f4328acc-475e-4947-8597-3fec782f6180,google_play,1,,the takeaway is closed but you still take my money,2025-09-28 03:54:28,,,,
google_play:5053cb83-0e28-42cc-98d8-21cc52bbc1c1,google_play,5,,great,2026-02-22 00:19:28,,,,
google_play:aa1b9939-dcc8-4aff-84ea-2ca8a3a0f423,google_play,5,,excellent,2026-01-01 21:59:09,,,,
google_play:b96c9abb-9170-495b-a2fd-7552bb03b56e,google_play,5,,"great easy to use app, food always on time",2026-07-23 00:28:57,,,,
google_play:d7b6fc9d-6610-4b2c-836c-c1406ff54725,google_play,1,,poor customer service,2026-05-14 05:09:23,,,,
google_play:def19d44-b186-4568-81fd-385886884f69,google_play,1,,do not help when you've not received your food,2026-05-10 03:13:58,,,,
google_play:ce7443cf-0bd3-4246-a46c-6584cb1e82f1,google_play,5,,no problem at all,2026-07-21 23:57:43,,,,
app_store:14576730587,app_store,5,Food hub,Love this app always deals Or discounts always check this app first now,2026-09-21 21:31:09,,,,
google_play:9e305a95-7207-45a8-adc4-8e37e65b616d,google_play,1,,"Looking at it from both sides, the merchant side as well as the customer side, as with many of the current reviews already in place, it really does seem as if this company is a scam. it has taken so many attempts just to reach members of their team to support their services. and every time we have had meetings, their promised follow-up is never completed. It's scary to even think one would want to do business with them at any level. unfortunately not a good co. Stay away customer or merchant.",2026-07-14 23:31:02,,,,
google_play:a15f4eec-6bd3-4acf-a97d-7b8178f8c79d,google_play,3,,Original rating was a long time ago the app now running in 2026 is very full of bugs and keeps looping and losing orders when you get to the checkout ! THIS IS VERY FRUSTRATING WHEN I PLACE AN ORDER FOR MY FAMILY 12 - 15 PEOPLE AND YOU CLICK ORDER AND IT TELLS YOU THIS WEBSITE CAN NOT BE REACHED AND THEN WIPES OUT THE ORDER SO YOU HAVE TO START AGAIN ! SORT IT OUT PLEASE !! IF NOT I WILL TAKE MY CUSTOM ELSEWHERE And it's not just my phone other members of my family have the same !!,2026-03-18 09:10:25,,,,
app_store:14565126132,app_store,5,Unique,Very good food sound quick delivery,2026-09-18 23:04:29,,,,
app_store:14576026042,app_store,5,Review,"Love Helz Kitchen, the homemade soup is amazing x",2026-09-21 17:59:44,,,,
google_play:96fe9720-625f-427a-90f2-b627cce71ec4,google_play,1,,after they accepted the [ORDER_ID] 2 hours of waiting they will just cancel the order.,2026-01-29 21:29:03,,,,
google_play:82744c6e-a586-4221-8037-6ffedf4ab01e,google_play,5,,excellent easy to use,2026-04-24 00:29:36,,,,
google_play:9fcf3e71-3699-471d-bee5-776332039f41,google_play,1,,"Let's you place orders with restaurants that are closed. Opening times listed incorrectly. Refunds take 5 days. Tracking is shocking, cannot track order. Rubbish, do not download.",2026-08-15 07:33:09,,,,
google_play:fb8265f5-066a-451c-812c-8a999f7d1fe7,google_play,1,,Terrible Service made a genuine error and reached out to foodhub for support after the resturant hung up on me. Only offered to call the store and absolutely no help. tired to tell me my agreement is with the store but its not.its with foodhub. Would not recommend this,2026-01-12 02:25:40,,,,
google_play:84dff213-43ba-4a26-b4ac-dd387a0c1492,google_play,5,,excellent,2026-04-18 01:35:06,,,,
google_play:432c5efb-787d-427d-a95c-c027e71d76e9,google_play,1,,absolutely not on 35 pounds order 10 pounds delivery no Chinese is that good,2025-10-19 23:45:05,,,,
google_play:16c39004-635d-449f-bea8-b71303bda3f0,google_play,2,,"very difficult to complain about poor service of takeaway, over 10 mins to talk to a food hub agent",2025-12-25 03:45:05,,,,
app_store:14564916425,app_store,5,Missing food,Cold food too,2026-09-18 21:59:47,,,,
google_play:a8270f95-9272-4428-b6ae-6c7683fc0312,google_play,5,,"Excellent service. Ordered Fish and chips from Henrys, and within 10mins they were knocking n the door with my food. Hot and delicious 😋.",2025-11-10 21:48:40,,,,
google_play:6d304b79-0248-4516-94ac-b4b4e5279a5f,google_play,5,,nice food,2026-03-19 01:10:27,,,,
google_play:991dbfd1-c891-4967-ae53-a75ff9a51cde,google_play,1,,payment system is absolutely garbage,2026-02-06 02:13:24,,,,
google_play:e04a26e6-d6b8-4c4d-a69a-024a2b615c46,google_play,5,,great service once again,2026-03-15 01:39:17,,,,
google_play:00a96c7c-acfc-4ecc-8ee9-b83030bfbec2,google_play,4,,"The home page did not list any restaurants, of which there are 3 on this app in my area, to filter. Only found restaurants (and only 2 of 3) when I tapped on offers. Really needs to have all available restaurants listed on the home page ready for the sorting. Otherwise nice improvements!",2026-03-21 23:41:32,,,,
google_play:49fe1981-7fab-4c3e-8dda-d47aeff68485,google_play,5,,"this app is always so much cheaper than justeat.. everytime I put a little note to edit my order, the shop always reads it.. ive deleted justeat because they charge so much for little extras.. foodhub have never let me down.. always deals or money off when you use their app.",2025-11-30 03:55:18,,,,
google_play:c201f9af-5932-4e25-9b17-92c129b4a3ac,google_play,5,,"never a problem, order and food delivered early, luv this app",2026-08-20 22:44:02,,,,
google_play:4c6e109c-12a7-436d-9418-c226db5ae1e4,google_play,5,,good taste,2026-06-25 02:02:03,,,,
google_play:b6a9341c-0135-408e-8068-32a0f79091ae,google_play,1,,"Nothing works on the flash sale, and when reported customer service try and state its for individual items when it clearly isn't. Not sure I will ever use again",2026-05-25 23:05:50,,,,
google_play:f9a0aa69-c563-47dc-98c8-397883b909bf,google_play,1,,"I ordered food from Hong Kong Chinese bishop Auckland, waited well over the time, called them was placed on hold, then when she came back to the phone 📱 said on its way and hung up on me, she was so rude, won't be ordering from them again, not a good experience. disgusting the way they treat customers , don't order from here.",2026-04-02 23:49:49,,,,
app_store:14561341463,app_store,5,Easy,"Good food, no hassle",2026-09-17 23:42:43,,,,
google_play:47e71e16-cf5a-4614-ab43-8dfc4b7bbc7e,google_play,5,,"excellent, great delivery, very fast, I now use all the time 😊",2026-05-03 23:29:57,,,,
google_play:75ae5260-010b-41e7-b779-cc02685164d7,google_play,1,,"The postcode does not show my address, it brings up 2 others nearby.",2026-03-15 23:35:04,,,,
google_play:1f57d79a-246f-42ea-8270-ee498c7eb62b,google_play,1,,absolutely awful you don't get your food,2025-12-30 06:44:24,,,,
google_play:f72c4e55-ebcc-4d53-84b2-bd9e6b579a6f,google_play,5,,I didn't see any adds god my orderee my food just like that arrives hot lovely and tasty 10/10,2026-08-16 21:21:43,,,,
google_play:c91e7b70-cb1c-491a-ba16-731a7bc0ee9e,google_play,5,,"very easy to use!! quick and efficient! brilliant app! I have had so many issues with both Uber eats & Just eat and Deliveroo. there is always an issue remembering passwords, etc! ain't no-one got no time for that!! food hub is quick and easy. it just takes a few seconds, and you're in! best app for ordering food!",2025-10-26 20:33:47,,,,
google_play:4a9e4fd6-2259-4bc2-84d3-596f47cb3e7d,google_play,1,,clunky and long winded and I don't like that it wants access to my FB or other accounts!!,2025-09-26 02:08:57,,,,
google_play:15ed2e2f-8d60-473c-a322-1d5f4c5e27a8,google_play,1,,overcharged delivery fee,2026-04-25 00:03:48,,,,
google_play:c04c14c9-9161-44e6-9979-d45052871ff1,google_play,5,,super fast delivery,2026-03-08 01:42:48,,,,
google_play:836c070c-b034-4407-a05d-dfd5037bd623,google_play,2,,They don't allow you to sign up via email and don't allow payment via PayPal so needlessly need to risk entering card details and link with Google which I didn't want to do. Neither of these things are acceptable. Fix it or I won't [ORDER_ID] with you,2026-04-07 02:22:46,,,,
google_play:13baa87c-ba19-45c0-bccc-78d2b7059ae2,google_play,1,,Food not received and refund refused!,2026-03-09 00:32:57,,,,
google_play:a5de276b-76a3-425c-b52b-b1045adc71bc,google_play,5,,hassle free,2025-11-09 03:57:56,,,,
google_play:2215f6db-2fdc-420a-8ecc-e2ea27c3420d,google_play,5,,Fast and easy to use.,2026-01-01 07:13:11,,,,
google_play:a57fd768-a054-46bf-bd10-ad9c681137d2,google_play,5,,perfect tasty hot and on time delivery driver very polite 👌,2025-11-02 21:01:09,,,,
google_play:c060a6b4-43ba-40be-90ec-97f16a9faa4a,google_play,4,,always easy to navigate . sometimes the tracking is a bit off,2026-08-04 21:09:46,,,,
app_store:14564884614,app_store,5,A lot better than just eat,100% better,2026-09-18 21:50:11,,,,
google_play:68b3102e-042a-4ab2-8582-48f11a306946,google_play,1,,food came and very disappointed it was everywhere we have ordered from here a few times and this is the 2nd time it has happened it's a shame cause it is one of the best about but the curry ends up every where,2025-10-11 00:44:50,,,,
google_play:900af0df-78ab-4b67-9123-ed91edb1f7b4,google_play,5,,Excellent Value Excellent Service,2026-08-28 21:54:39,,,,
google_play:c181d74f-b6d0-4590-bc0f-c41a980a53cf,google_play,4,,"Easy to use, however occasional freeze trying to switch from delivery to pickup. close clear and reopen fixed it and my basket wasnt lost.",2026-04-20 22:11:25,,,,
google_play:fe4c029d-e08d-436c-a521-6446e492d6c0,google_play,1,,"Absolutely disgraceful, it has taken money out of my account several times, support was no use, no actual food order was taken so no food, loads of money taken and all they can do is issue refunds that will take 3-5 working days! Bank overdrawn, no treat tea and nothing offered in return for spending over 2 hours trying to get support! I won't ever trust this site again and hopefully no one else has to go through this! Angry doesn't cover it! I'm not one to moan usually but this has taken the P*",2025-10-12 23:13:25,,,,
google_play:bfd62142-ea36-481c-a17f-81096b8e7f80,google_play,1,,"Takes ages of deliver and it is very difficult to reach the driver, they don't reach the restaurants on time and take their own time to deliver, restaurant said that my food was ready and they were waiting for the driver to pick it up but even they were not able to reach them, I was already waiting for 2 hours and no update. it's unprofessional and bad service...",2026-03-01 23:34:26,,,,
app_store:14565287544,app_store,5,Very convenient,No problems so far.,2026-09-18 23:56:51,,,,
google_play:15fcd675-55ec-435c-b33c-8a722f911a5d,google_play,1,,App has stopped recognising my address.,2026-04-01 18:57:50,,,,
app_store:14569837706,app_store,5,Grill house pelton,Great staff and amazing food definitely recommend,2026-09-20 02:48:58,,,,
google_play:82b4f8e5-9789-4567-9d66-be4188fc0895,google_play,5,,Easy to [ORDER_ID] delivery fee,2026-08-09 01:23:16,,,,
google_play:24567b41-5c50-4908-b53e-d525ea7618aa,google_play,5,,"easy to use, no hassle",2026-04-24 00:26:23,,,,
google_play:a4d02da6-feed-4e2d-8ff8-9dfdb4035f74,google_play,1,,"The app tells you food is being cooked and is out for delivery when that isn't the case, it clearly just goes based on the estimated delivery time rather than getting updates from the resteraunt. Waited 30 minutes for an order to arrive with the app telling me it was en route, then called the resteraunt and they hadn't even recieved the order.",2026-08-23 01:31:39,,,,
google_play:e4e5f203-5c4b-44be-8b5f-c8d1e8ebbd4e,google_play,1,,"not good, I can't get payments accepted on this app",2025-11-30 00:03:09,,,,
google_play:5fdfc0ea-bc3b-40de-a90b-63e8021c113c,google_play,1,,"the tracking is never right, just a guess",2026-02-22 02:24:57,,,,
google_play:2bd6981d-22b5-47b2-af01-205d598afed9,google_play,3,,Doesn't confirm what the collection time is. Otherwise easy to use.,2026-01-10 22:03:12,,,,
google_play:4ce2a902-df47-4400-a59e-ee6e856d7df0,google_play,1,,Absolutely appalling company. I suspect most of these app reviews are fake. See photos on my Google maps review,2026-07-13 22:03:33,,,,
google_play:27e8947f-abc0-431b-ac81-41b2483cd0a2,google_play,1,,wrong [ORDER_ID] no cookie dough delivered,2026-03-25 00:54:29,,,,
google_play:53d0217b-93d4-497a-a6f4-73d2bfac68eb,google_play,1,,"Has to be the worst of the food delivery apps. If there is an issue youre ""greeted"" by their apparent ai, i say apparent as it seems to be something fresh out of the 1980s. Last time using the app i'd urge others to be aware as if there is a problem you'll have their help system saying "" sorry please rephrase"" repeatedly until you liose the will to live. Fortunately my late [ORDER_ID] or i'd still be trying to get a reponse now.",2026-03-08 21:26:20,,,,
google_play:33938905-639b-4419-94e0-750c197bdec3,google_play,5,,easy to use and a good choice on offer,2025-10-24 23:12:44,,,,
google_play:b2671e69-1509-4950-8c55-5ebc20dab06d,google_play,1,,"placed and order, paid, got confirmation. the order was not received. I now have to wait 3 to 5 days to get My Mobey back",2025-10-23 22:58:39,,,,
google_play:394231e9-1d9e-4d9e-8890-01f35ca3d269,google_play,2,,to many missing items,2025-10-26 03:27:26,,,,
google_play:03ab7a79-0d3c-48c9-aca0-0c6920f2fa6f,google_play,5,,great,2026-05-15 22:32:53,,,,
google_play:7b9fd3da-7c30-43d3-8212-1a408f2c007a,google_play,1,,advertising 40% discount you don't get anything,2025-11-23 00:37:26,,,,
google_play:21f74259-35c3-4146-bcf0-fcc820e6eb40,google_play,1,,let me order food took my money. [ORDER_ID] with in a min. refund in 24 hours,2026-01-09 22:31:36,,,,
google_play:31a2afa3-75ac-4fff-93db-3c6ef86dfb98,google_play,1,,Well this app is dead compared to the others 😂,2026-08-31 14:42:41,,,,
google_play:135cf8a4-0b68-490e-a6ca-dff1f953f489,google_play,1,,the app doesn't work,2026-08-18 21:28:03,,,,
app_store:14565724375,app_store,5,So easy to use,Amazingly easy to use,2026-09-19 02:29:41,,,,
google_play:df3bfa61-7682-45b4-811d-d41b20f5d6c5,google_play,5,,great value for local menu,2026-09-15 16:18:23,,,,
google_play:24228213-bcd7-4442-a18b-727c0d32d0a9,google_play,1,,Foodhub is where all the poor quality 'restaurants' go. Avoid if you don't want food poisoning.,2026-06-30 23:26:04,,,,
google_play:ec41dd13-d1f7-4fa6-8550-21182b894aa3,google_play,1,,ask for all sauces and got none just a plan kabab,2025-10-17 23:17:23,,,,
google_play:252d5f5a-fc7b-42a6-8854-d00aa3302e48,google_play,1,,so busy trying to upsell me on every click makes the app annoying and difficult to use. I just wanted to check what's in the basket. Animations just get in the way and slow the process. no option ( I can see) to clear the basket in one go.,2026-05-01 20:27:23,,,,
google_play:675eddf1-dfd1-40ee-93f3-9197f7fdd4c0,google_play,5,,brilliant!!,2026-01-07 01:57:29,,,,
google_play:4f29c1d7-8f93-4b67-9b44-0c6a9c37f374,google_play,2,,Etas are wrong for delivery. When you request update on wheres my order it gives another ETA that's already passed,2026-05-11 02:49:59,,,,
google_play:37bb62d5-61c6-456c-b9a7-0cae87451c70,google_play,1,,"This app is trash. it keeps saying that the guy delivered the order when he didn't, everytime. then you lose access to the tracking and you have to call him to get an idea of where he is, when he picks up. there's also no code system to secure the delivery. very poor range of restaurants available. pretty bad experience overall",2026-03-30 18:44:16,,,,
google_play:7d55c4e5-3b8c-4712-b39f-32a684c1f3f2,google_play,5,,"easy ordering, will return after delivery",2025-12-31 18:43:38,,,,
google_play:7a8cd74d-cdc3-4a0a-93f5-613538175af8,google_play,1,,the first [ORDER_ID],2025-11-30 04:15:52,,,,
google_play:0fd079b1-93b8-4438-9fc5-a579aa8e843e,google_play,2,,more accurate [ORDER_ID] required.,2025-11-01 02:46:22,,,,
app_store:14577190764,app_store,5,Great - always great food,"Food is always hot, tasty and a go to for takeaway",2026-09-21 23:54:29,,,,
google_play:b4865d78-86fa-420a-9dcd-16717eb73497,google_play,5,,easy to use,2026-03-28 02:16:26,,,,
google_play:228d864f-ce5f-4214-a65d-da0cbdd1cd1d,google_play,1,,food came had 2roe and chips both was cold,2025-12-12 01:53:29,,,,
google_play:bc8220a9-9799-439c-8a51-54c385352370,google_play,3,,keep having to repeat input,2026-02-28 23:08:08,,,,
google_play:8b41e67a-dd89-4b2b-b9e6-8c25ef73b951,google_play,5,,there quick to deliever,2026-05-11 22:31:00,,,,
google_play:64e32afd-ecd1-4880-95eb-8950a920d4aa,google_play,5,,Easy to use,2025-11-21 23:16:17,,,,
google_play:e3e90f2d-61e2-46d4-b391-9b8472f2c414,google_play,5,,decent,2026-06-26 20:48:50,,,,
google_play:74f1e1cd-c5e8-4720-9b7f-36914fc8636c,google_play,1,,atrocious experience. avoid at all costs. there are much better options,2025-11-03 07:38:40,,,,
google_play:40c6616c-a093-4a6b-a94a-e582341c6324,google_play,1,,The experience is really terrible. You never receive an Otp or an email. How are we supposed to verify our account or sign up with out receiving any?,2025-09-24 01:31:22,,,,
google_play:9f80fa20-8119-4dc7-986c-686acceb9377,google_play,1,,food didn't turn up!!!,2026-01-03 07:54:31,,,,
google_play:05dd7c8d-4317-4139-af26-2dc10b3b7cc3,google_play,5,,easy to order,2025-10-18 23:36:27,,,,
google_play:d69b0c34-40ff-4468-9ede-6b0cefca8668,google_play,4,,quick and easy,2026-04-23 20:26:13,,,,
google_play:f6762662-7092-408d-ab74-a989564382e6,google_play,1,,"ordered a meal at 1900 from shwmae Pizza afert phoning 2 times to enquire where my food was, I was given silly excuses about having to cook fresh chicken and the delivery was on it's way, it was finally delivered at 21:30 which is not acceptable when Shwmae pizza is only 2 miles away 5 minutes down the bypass",2025-11-29 15:19:52,,,,
google_play:036ddf6d-e82d-407e-8fbf-5f019e7e4cbf,google_play,1,,won't let me take a photo of food when making a complaint. screen just goes white and doesn't take photo so you cant proceed with your complaint.,2025-11-29 01:01:51,,,,
google_play:a6d29f2d-4f40-46f5-867d-cae8457ee756,google_play,4,,"Order was spot on. The only reason I gave 4 stars the app says [ORDER_ID] delivered soon, but I had eaten most of it. Other than that it was very easy to use.",2026-02-19 23:59:22,,,,
google_play:75194570-0af0-4e4f-b0e1-ac1f1fe41ab3,google_play,5,,simple,2025-12-24 22:27:56,,,,
google_play:01250e7c-7243-4aa3-be1b-fbc97cdbfc86,google_play,5,,Best Takeaway Food App,2026-09-20 05:46:21,,,,
google_play:5658f36f-cd69-42e6-8242-1f78cb4450af,google_play,1,,terrible. customer service is none existent. live chat doesn't work. want a refund? good luck.,2026-07-11 04:07:15,,,,
google_play:c70e8821-f403-4809-911e-94825fcd6875,google_play,2,,my bank doesn't seem to trust this app and cant name a payment so gone elsewhere on justeat,2026-04-17 22:01:27,,,,
google_play:a877ee7b-4841-4c73-89c1-7fac5dacb011,google_play,4,,pretty good overall nice job,2025-12-20 22:49:09,,,,
google_play:f263f5a1-c6b7-4abb-8d74-66f47a5df25f,google_play,5,,easy to order,2026-09-18 22:47:45,,,,
google_play:45bcd879-0b88-4cd1-8f9f-ff0ade2a64a1,google_play,1,,no idea where food is...appalling,2025-10-20 01:34:36,,,,
google_play:0a5c572f-0a00-4a1d-abc1-dca1d20832ec,google_play,3,,very difficult to change address in location address bar. I had to google how to do this using thier address book. I think it could be made easier. but other than that not too bad. thank you,2026-01-31 00:39:34,,,,
google_play:65a9ca45-4d37-49a8-bb3e-8d29facdd67d,google_play,1,,"said was 25 mins untill delivery still cooking. but I get a knock on the door. timings need looking at for ordering, cooking and delivering. something's not right.",2026-03-23 00:31:50,,,,
google_play:f71962f2-5044-453d-b6dd-3de35e4f23c9,google_play,1,,"the app isn't easy to use, and has fewer options within the kebab list. Like, YOU MUST HAVE PITTA OR NAAN BREAD? I don't want bread, or with SALAD OR SAUCE? what happens if I want both?",2026-03-18 00:59:13,,,,
google_play:fe3869c1-1ab7-4294-b163-ae0af5fd7b2f,google_play,5,,cheaper than just eat.,2026-01-31 01:41:37,,,,
google_play:857e2d68-ce57-486f-9c61-5ea4de2b6820,google_play,5,,"very easy to use . a few taps of the finger,.... and heypresto its done",2025-11-10 00:54:43,,,,
google_play:291f4a06-121e-49d7-9e58-4a1878af7c6e,google_play,1,,takes my money instantly. but takes 3-5 days to refund an order if the place cancels my order.,2026-07-28 23:17:17,,,,
app_store:14573540973,app_store,5,Tracking,The tracking should be better. Between cooking and delivered there should be a section saying on the way,2026-09-21 01:00:21,,,,
google_play:6b12058e-7e97-4c5b-9581-c64aa8fd3566,google_play,1,,not impressed...wrong card,2026-04-27 01:21:33,,,,
google_play:57db1a1b-87b6-4b9c-b06a-8215630bd653,google_play,3,,"Will not remember my card and sometimes freezes up with white screens, but it gets me my din dins",2026-05-10 23:14:45,,,,
google_play:b71d7009-d39c-4371-b4e2-5d392aea1302,google_play,2,,"Downloaded the app for the first time today. Got the food items i wanted but could not apply the discount code for first time use of the app. The code simply vanished. had to pay full price. The app should be more user friendly. Secondly, from cooking food as seen on tracking to the delivery person outside. I think the user experience on the app can be worked on.",2026-01-04 00:34:05,,,,
google_play:b489455e-c305-43de-98fd-7aa7a09cccad,google_play,5,,easy and cheaper then just eat,2026-02-22 02:05:33,,,,
google_play:0a61f733-adeb-435f-a21c-ed4c2e93a4bc,google_play,5,,luv it,2025-10-25 02:12:49,,,,
google_play:4768b9f8-1cc0-49fb-beaf-25f08b3905e6,google_play,1,,terrible customer service,2025-12-25 03:23:55,,,,
google_play:7e182b80-477f-4510-abff-5093df578e52,google_play,1,,was going to use this but is more than double the price of the actual shop,2025-12-22 03:40:13,,,,
google_play:34f9398f-3f97-45df-90b1-87a38d5d7513,google_play,2,,ok,2026-08-13 02:10:09,,,,
google_play:1b99870b-5517-4ea9-962b-cdd05407a3e9,google_play,4,,easy to use,2026-03-14 00:28:20,,,,
google_play:c4643f3f-d3c4-43e4-ac52-9d62b585dd7d,google_play,1,,first order.. nothing... still waiting confirmation ½ hour after [ORDER_ID]. unimpressed and uninstalled,2025-10-05 23:58:19,,,,
google_play:47dd14e8-8b51-490b-ae29-eaa5dc4ed18f,google_play,5,,well priced ordered very easy,2026-03-28 01:24:11,,,,
google_play:aaa84166-d74d-4f0d-93ca-cd14e9f1b758,google_play,5,,first time of using it and far simpler than just eat.,2026-03-06 01:10:19,,,,
google_play:e41ca57c-bbe5-42c1-abf5-81381f954d9d,google_play,5,,delicious kebabs best in Nottingham,2026-08-23 03:49:39,,,,
app_store:14561231073,app_store,5,Best Chinese,"Lee’s Kitchen is the best Chinese kitchen in Bedford, always excellent tasing food customised to requirements as necessary",2026-09-17 23:06:56,,,,
google_play:4c1850f1-b4cf-4b13-a9dd-4d7e87ddb3a6,google_play,5,,easy to use,2025-11-07 22:42:28,,,,
app_store:14582111312,app_store,4,Hamza RATHORE Ahmed,"Amazing food, I can’t survive without karams",2026-09-23 06:30:59,,,,
app_store:14564539149,app_store,5,Great quality food and plenty of it 👍🏻👍🏻👍🏻,Using Foodhub guarantees you get great service with food arriving within a set time and it is always fresh and piping hot. Well worth using the app 👍🏻 Staff and drivers are very helpful and friendly. You even get a text a few minutes before the food is delivered,2026-09-18 20:11:31,,,,
google_play:93a3474c-54d7-437c-9d81-f63f18f2a78b,google_play,2,,"app don't work properly, I can't see my order, I just see white screen",2026-08-28 00:14:28,,,,
google_play:a54485af-7986-445c-9bf7-25601ce359b5,google_play,5,,so easy and quiet quick,2026-02-18 22:04:24,,,,
google_play:cdcbdfd1-0ee3-4030-976b-465445ddb6d6,google_play,3,,No updates on food delivery,2026-02-20 23:47:30,,,,
google_play:056b7f1b-772b-448b-9afc-392c6d708964,google_play,1,,unprofessional drivers Stamford Lincolnshire that leave food on the doorstep in the rain,2025-12-07 21:58:41,,,,
google_play:8efaaf0c-0eb2-424c-821f-75aed3d4fbe8,google_play,4,,good quality takeaway,2026-03-13 23:44:01,,,,
app_store:14561548157,app_store,5,Excellent,Excellent service as always,2026-09-18 00:52:28,,,,
app_store:14580829391,app_store,5,Efes,Fantastic service and great food  speedy delivery too 😜,2026-09-22 22:42:46,,,,
google_play:327dac2b-af29-4a2f-a18a-8a0220baf4bf,google_play,2,,"App is easy to use, but no live tracking for orders",2026-09-03 00:11:11,,,,
google_play:d14db966-44e9-4298-b597-8668198e6ebb,google_play,1,,Would give 0 stars if I could. I tried to [ORDER_ID] times over the past 3 months and all my orders got cancelled. Stick with Just Eat.,2026-04-27 04:59:40,,,,
app_store:14573790275,app_store,5,Mr,Great service,2026-09-21 02:26:25,,,,
google_play:fb0b8b73-7820-492c-b9f9-3a49fed59c4a,google_play,1,,"I ordered at 4pm asking fir a 7.30 delivery, the app is now telling me will arrive at 7.50. called at 7.50 said it will be another 15 minutes... ordered 3 and a half hours ago and telling me will be 30 minutes late",2026-02-01 01:20:59,,,,
google_play:8342a7e7-2308-4d91-b5d5-215265b0cddc,google_play,5,,Excellent,2026-01-11 00:59:05,,,,
google_play:66f32a6c-4630-4e61-ae0f-d22a156f3dc8,google_play,1,,"if you get worst food. they don't take responsibility, waste of money. NOTE: THEIR RESPONSE IS A LIE.",2025-12-27 00:41:53,,,,
app_store:14580433056,app_store,5,Food excellent,Excellent food x,2026-09-22 20:42:09,,,,
google_play:b80dd14d-6491-4113-a456-e9991059ddba,google_play,5,,fantastic,2026-02-13 02:21:37,,,,
google_play:482ffc0b-fba9-497e-860b-0264da4f4b1a,google_play,5,,Great options and prices,2026-08-11 22:24:04,,,,
